{
  "miniprogramRoot": "dist/",
  "projectname": "taro-mic",
  "description": "",
  "appid": "touristappid",
  "setting": {
    "urlCheck": true,
    "es6": false,
    "enhance": false,
    "compileHotReLoad": false,
    "postcss": false,
    "minified": false,
    "babelSetting": {
      "ignore": [],
      "disablePlugins": [],
      "outputPath": ""
    }
  },
  "compileType": "miniprogram",
  "libVersion": "3.2.3",
  "srcMiniprogramRoot": "dist/",
  "packOptions": {
    "ignore": [],
    "include": []
  },
  "condition": {},
  "editorSetting": {
    "tabIndent": "insertSpaces",
    "tabSize": 2
  }
}